{
    "metrics": {
        "vus_max": {
            "max": 500,
            "value": 500,
            "min": 500
        },
        "http_reqs": {
            "count": 133798,
            "rate": 4446.207797381694
        },
        "checks": {
            "passes": 267596,
            "fails": 0,
            "value": 1
        },
        "http_req_duration": {
            "med": 104.8978355,
            "p(90)": 148.32351210000002,
            "p(95)": 166.08447865,
            "p(99)": 206.39298392999999,
            "max": 269.356341,
            "avg": 111.32387402636854,
            "min": 20.547854,
            "thresholds": {
                "p(95)<250": false,
                "p(50)<100": true
            }
        },
        "http_req_receiving": {
            "p(90)": 1.5792257000000005,
            "p(95)": 5.343648299999993,
            "p(99)": 17.408723209999998,
            "max": 85.724019,
            "avg": 0.9306228717768454,
            "min": 0.011062,
            "med": 0.032252
        },
        "http_req_blocked": {
            "p(90)": 0.004258,
            "p(95)": 0.005521,
            "p(99)": 0.06371559999999997,
            "max": 174.338083,
            "avg": 0.21356277682775576,
            "min": 0.000691,
            "med": 0.002484
        },
        "data_received": {
            "count": 304658046,
            "rate": 10124015.154638117
        },
        "http_req_waiting": {
            "p(99)": 200.33007935999996,
            "max": 256.70424,
            "avg": 110.34736384703903,
            "min": 15.481564,
            "med": 104.3476785,
            "p(90)": 146.81831920000002,
            "p(95)": 162.8444731
        },
        "http_req_connecting": {
            "p(90)": 0,
            "p(95)": 0,
            "p(99)": 0,
            "max": 172.916723,
            "avg": 0.19553582446673343,
            "min": 0,
            "med": 0
        },
        "http_req_sending": {
            "med": 0.008125,
            "p(90)": 0.017815,
            "p(95)": 0.05447809999999992,
            "p(99)": 0.3178151099999996,
            "max": 106.7205,
            "avg": 0.045887307553177444,
            "min": 0.003066
        },
        "data_sent": {
            "count": 16457154,
            "rate": 546883.5590779483
        },
        "iteration_duration": {
            "avg": 111.92294298736924,
            "min": 20.829789,
            "med": 105.3427725,
            "p(90)": 149.0696206,
            "p(95)": 167.3129898,
            "p(99)": 208.27841948999998,
            "max": 337.79563
        },
        "http_req_duration{expected_response:true}": {
            "p(95)": 166.08447865,
            "p(99)": 206.39298392999999,
            "max": 269.356341,
            "avg": 111.32387402636854,
            "min": 20.547854,
            "med": 104.8978355,
            "p(90)": 148.32351210000002
        },
        "http_req_tls_handshaking": {
            "p(90)": 0,
            "p(95)": 0,
            "p(99)": 0,
            "max": 0,
            "avg": 0,
            "min": 0,
            "med": 0
        },
        "http_req_failed": {
            "passes": 0,
            "fails": 133798,
            "thresholds": {
                "rate<0.01": false
            },
            "value": 0
        },
        "iterations": {
            "count": 133798,
            "rate": 4446.207797381694
        },
        "vus": {
            "value": 500,
            "min": 500,
            "max": 500
        }
    },
    "root_group": {
        "name": "",
        "path": "",
        "id": "d41d8cd98f00b204e9800998ecf8427e",
        "groups": {},
        "checks": {
                "status is 200": {
                    "id": "6210a8cd14cd70477eba5c5e4cb3fb5f",
                    "passes": 133798,
                    "fails": 0,
                    "name": "status is 200",
                    "path": "::status is 200"
                },
                "has results array": {
                    "name": "has results array",
                    "path": "::has results array",
                    "id": "6db6bda1862512d2a0864d26094ebb96",
                    "passes": 133798,
                    "fails": 0
                }
            }
    }
}