{
    "root_group": {
        "name": "",
        "path": "",
        "id": "d41d8cd98f00b204e9800998ecf8427e",
        "groups": {},
        "checks": {
                "status is 200": {
                    "name": "status is 200",
                    "path": "::status is 200",
                    "id": "6210a8cd14cd70477eba5c5e4cb3fb5f",
                    "passes": 4084,
                    "fails": 0
                },
                "has results array": {
                    "name": "has results array",
                    "path": "::has results array",
                    "id": "6db6bda1862512d2a0864d26094ebb96",
                    "passes": 4084,
                    "fails": 0
                }
            }
    },
    "metrics": {
        "iteration_duration": {
            "avg": 24.479783943682712,
            "min": 3.008757,
            "med": 22.37064,
            "p(90)": 40.0643233,
            "p(95)": 49.48482669999998,
            "p(99)": 70.36366327000003,
            "max": 102.43753
        },
        "http_req_duration": {
            "min": 2.859054,
            "med": 21.850080499999997,
            "p(90)": 39.515993400000006,
            "p(95)": 49.073242349999994,
            "p(99)": 69.94141195000002,
            "max": 101.844959,
            "avg": 24.018075380509316,
            "thresholds": {
                "p(50)<100": false,
                "p(95)<250": false
            }
        },
        "http_req_blocked": {
            "p(90)": 0.006172,
            "p(95)": 0.008535349999999999,
            "p(99)": 0.0741163600000001,
            "max": 5.90975,
            "avg": 0.02085809990205675,
            "min": 0.000972,
            "med": 0.003847
        },
        "checks": {
            "passes": 8168,
            "fails": 0,
            "value": 1
        },
        "http_req_sending": {
            "p(99)": 0.288592120000001,
            "max": 4.185318,
            "avg": 0.029028758814887357,
            "min": 0.003737,
            "med": 0.012975,
            "p(90)": 0.034600000000000034,
            "p(95)": 0.05588059999999999
        },
        "http_req_waiting": {
            "avg": 23.797806265670943,
            "min": 2.799972,
            "med": 21.6350875,
            "p(90)": 39.32352820000002,
            "p(95)": 48.8763231,
            "p(99)": 69.58347923000002,
            "max": 101.798681
        },
        "http_req_failed": {
            "passes": 0,
            "fails": 4084,
            "thresholds": {
                "rate<0.01": false
            },
            "value": 0
        },
        "http_reqs": {
            "count": 4084,
            "rate": 407.89674698703766
        },
        "http_req_receiving": {
            "min": 0.013165,
            "med": 0.082276,
            "p(90)": 0.3161027,
            "p(95)": 0.6127461999999999,
            "p(99)": 2.438462020000006,
            "max": 9.556378,
            "avg": 0.1912403560235065
        },
        "http_req_connecting": {
            "p(99)": 0,
            "max": 4.433998,
            "avg": 0.008155388099902057,
            "min": 0,
            "med": 0,
            "p(90)": 0,
            "p(95)": 0
        },
        "http_req_tls_handshaking": {
            "p(90)": 0,
            "p(95)": 0,
            "p(99)": 0,
            "max": 0,
            "avg": 0,
            "min": 0,
            "med": 0
        },
        "http_req_duration{expected_response:true}": {
            "min": 2.859054,
            "med": 21.850080499999997,
            "p(90)": 39.515993400000006,
            "p(95)": 49.073242349999994,
            "p(99)": 69.94141195000002,
            "max": 101.844959,
            "avg": 24.018075380509316
        },
        "data_received": {
            "count": 9240808,
            "rate": 922942.0966532305
        },
        "vus": {
            "min": 10,
            "max": 10,
            "value": 10
        },
        "data_sent": {
            "count": 502332,
            "rate": 50171.29987940563
        },
        "vus_max": {
            "value": 10,
            "min": 10,
            "max": 10
        },
        "iterations": {
            "count": 4084,
            "rate": 407.89674698703766
        }
    }
}