{
    "metrics": {
        "http_req_failed": {
            "passes": 1227,
            "fails": 2338,
            "thresholds": {
                "rate<0.01": true
            },
            "value": 0.34417952314165495
        },
        "http_req_receiving": {
            "avg": 0.14125192762973351,
            "min": 0,
            "med": 0.048913,
            "p(90)": 0.19469399999999998,
            "p(95)": 0.3872045999999991,
            "p(99)": 2.183461440000011,
            "max": 16.501497
        },
        "data_sent": {
            "count": 287574,
            "rate": 28637.098812517877
        },
        "http_reqs": {
            "count": 3565,
            "rate": 355.0086491359658
        },
        "http_req_waiting": {
            "p(95)": 135.34549319999988,
            "p(99)": 413.61093892000065,
            "max": 1493.085228,
            "avg": 38.3280444115007,
            "min": 0,
            "med": 22.849327,
            "p(90)": 75.07822359999999
        },
        "iterations": {
            "count": 3565,
            "rate": 355.0086491359658
        },
        "http_req_blocked": {
            "p(99)": 0.060070280000000545,
            "max": 25.871135,
            "avg": 0.07754348190743339,
            "min": 0,
            "med": 0.003026,
            "p(90)": 0.0054506,
            "p(95)": 0.0065228
        },
        "vus_max": {
            "value": 18,
            "min": 18,
            "max": 18
        },
        "http_req_duration": {
            "max": 1493.215025,
            "avg": 38.48889079523134,
            "min": 0,
            "med": 23.032571,
            "p(90)": 75.17805859999999,
            "p(95)": 136.5656541999996,
            "p(99)": 414.5520513600007,
            "thresholds": {
                "p(50)<100": false,
                "p(95)<250": false
            }
        },
        "http_req_sending": {
            "avg": 0.01959445610098179,
            "min": 0,
            "med": 0.009769,
            "p(90)": 0.023991599999999964,
            "p(95)": 0.04069379999999998,
            "p(99)": 0.14946600000000035,
            "max": 5.210735
        },
        "checks": {
            "passes": 4676,
            "fails": 2454,
            "value": 0.655820476858345
        },
        "iteration_duration": {
            "avg": 50.64056201935482,
            "min": 3.094301,
            "med": 37.370161,
            "p(90)": 75.68049319999999,
            "p(95)": 137.36603159999987,
            "p(99)": 415.11082440000064,
            "max": 1493.519816
        },
        "data_received": {
            "count": 5290669,
            "rate": 526853.6478865446
        },
        "http_req_connecting": {
            "avg": 0.07320932622720899,
            "min": 0,
            "med": 0,
            "p(90)": 0,
            "p(95)": 0,
            "p(99)": 0,
            "max": 25.71646
        },
        "vus": {
            "value": 18,
            "min": 18,
            "max": 18
        },
        "http_req_duration{expected_response:true}": {
            "avg": 58.68815042130014,
            "min": 2.909439,
            "med": 35.9058,
            "p(90)": 106.318082,
            "p(95)": 179.37578445000003,
            "p(99)": 463.0532061800003,
            "max": 1493.215025
        },
        "http_req_tls_handshaking": {
            "p(95)": 0,
            "p(99)": 0,
            "max": 0,
            "avg": 0,
            "min": 0,
            "med": 0,
            "p(90)": 0
        }
    },
    "root_group": {
        "checks": {
            "status is 200": {
                "id": "6210a8cd14cd70477eba5c5e4cb3fb5f",
                "passes": 2338,
                "fails": 1227,
                "name": "status is 200",
                "path": "::status is 200"
            },
            "has results array": {
                "name": "has results array",
                "path": "::has results array",
                "id": "6db6bda1862512d2a0864d26094ebb96",
                "passes": 2338,
                "fails": 1227
            }
        },
        "name": "",
        "path": "",
        "id": "d41d8cd98f00b204e9800998ecf8427e",
        "groups": {}
    }
}