{
    "root_group": {
        "checks": {
            "status is 200": {
                "passes": 3534,
                "fails": 0,
                "name": "status is 200",
                "path": "::status is 200",
                "id": "6210a8cd14cd70477eba5c5e4cb3fb5f"
            },
            "has results array": {
                "name": "has results array",
                "path": "::has results array",
                "id": "6db6bda1862512d2a0864d26094ebb96",
                "passes": 3534,
                "fails": 0
            }
        },
        "name": "",
        "path": "",
        "id": "d41d8cd98f00b204e9800998ecf8427e",
        "groups": {}
    },
    "metrics": {
        "http_req_connecting": {
            "avg": 0.031184250990379175,
            "min": 0,
            "med": 0,
            "p(90)": 0,
            "p(95)": 0,
            "p(99)": 0,
            "max": 12.274247
        },
        "vus": {
            "value": 15,
            "min": 15,
            "max": 15
        },
        "iteration_duration": {
            "avg": 42.67330687125081,
            "min": 3.718853,
            "med": 31.8624355,
            "p(90)": 65.4695455,
            "p(95)": 81.5875818,
            "p(99)": 306.0294652900005,
            "max": 1372.58527
        },
        "http_req_failed": {
            "passes": 0,
            "fails": 3534,
            "thresholds": {
                "rate<0.01": false
            },
            "value": 0
        },
        "http_req_blocked": {
            "min": 0.001052,
            "med": 0.003928,
            "p(90)": 0.006292,
            "p(95)": 0.00796734999999999,
            "p(99)": 0.09272528000000035,
            "max": 15.9419,
            "avg": 0.0497319541595926
        },
        "http_req_receiving": {
            "p(95)": 0.5990256499999997,
            "p(99)": 2.8039244500000016,
            "max": 24.248378,
            "avg": 0.20257545897000542,
            "min": 0.013837,
            "med": 0.0841835,
            "p(90)": 0.30249290000000184
        },
        "data_received": {
            "count": 7996181,
            "rate": 768719.5040182595
        },
        "iterations": {
            "count": 3534,
            "rate": 339.74402620457556
        },
        "http_req_duration": {
            "p(95)": 81.01055464999999,
            "p(99)": 305.75209888000046,
            "max": 1372.250168,
            "avg": 42.165380150537516,
            "min": 3.507234,
            "med": 31.3186995,
            "p(90)": 65.17258559999999,
            "thresholds": {
                "p(50)<100": false,
                "p(95)<250": false
            }
        },
        "data_sent": {
            "count": 434682,
            "rate": 41788.515223162794
        },
        "vus_max": {
            "value": 15,
            "min": 15,
            "max": 15
        },
        "http_req_duration{expected_response:true}": {
            "avg": 42.165380150537516,
            "min": 3.507234,
            "med": 31.3186995,
            "p(90)": 65.17258559999999,
            "p(95)": 81.01055464999999,
            "p(99)": 305.75209888000046,
            "max": 1372.250168
        },
        "http_req_tls_handshaking": {
            "p(99)": 0,
            "max": 0,
            "avg": 0,
            "min": 0,
            "med": 0,
            "p(90)": 0,
            "p(95)": 0
        },
        "http_reqs": {
            "count": 3534,
            "rate": 339.74402620457556
        },
        "http_req_waiting": {
            "min": 3.342904,
            "med": 31.084102,
            "p(90)": 64.95098490000002,
            "p(95)": 80.81697464999999,
            "p(99)": 305.66743780000047,
            "max": 1372.087792,
            "avg": 41.93509920401804
        },
        "checks": {
            "fails": 0,
            "passes": 7068,
            "value": 1
        },
        "http_req_sending": {
            "min": 0.004037,
            "med": 0.013476,
            "p(90)": 0.03481260000000003,
            "p(95)": 0.056154999999999955,
            "p(99)": 0.24489521000000014,
            "max": 5.706317,
            "avg": 0.027705487549519056
        }
    }
}