{
    "root_group": {
        "name": "",
        "path": "",
        "id": "d41d8cd98f00b204e9800998ecf8427e",
        "groups": {},
        "checks": {
                "status is 200": {
                    "name": "status is 200",
                    "path": "::status is 200",
                    "id": "6210a8cd14cd70477eba5c5e4cb3fb5f",
                    "passes": 3472,
                    "fails": 0
                },
                "has results array": {
                    "path": "::has results array",
                    "id": "6db6bda1862512d2a0864d26094ebb96",
                    "passes": 3472,
                    "fails": 0,
                    "name": "has results array"
                }
            }
    },
    "metrics": {
        "http_reqs": {
            "count": 3472,
            "rate": 342.93111179983174
        },
        "vus": {
            "value": 19,
            "min": 19,
            "max": 19
        },
        "http_req_connecting": {
            "avg": 0.07750995737327188,
            "min": 0,
            "med": 0,
            "p(90)": 0,
            "p(95)": 0,
            "p(99)": 0,
            "max": 20.6262
        },
        "iteration_duration": {
            "p(90)": 101.6882826,
            "p(95)": 135.4814851,
            "p(99)": 261.61311051999996,
            "max": 454.3557,
            "avg": 54.99824540610621,
            "min": 3.262606,
            "med": 45.00785
        },
        "http_req_duration": {
            "med": 44.568408000000005,
            "p(90)": 101.34459040000003,
            "p(95)": 134.3865705999999,
            "p(99)": 261.33822395999994,
            "max": 454.068642,
            "avg": 54.373701910714296,
            "min": 3.033258,
            "thresholds": {
                "p(50)<100": false,
                "p(95)<250": false
            }
        },
        "checks": {
            "passes": 6944,
            "fails": 0,
            "value": 1
        },
        "vus_max": {
            "value": 19,
            "min": 19,
            "max": 19
        },
        "data_received": {
            "count": 7854960,
            "rate": 775838.1814352553
        },
        "http_req_sending": {
            "min": 0.003867,
            "med": 0.013486,
            "p(90)": 0.037358000000000016,
            "p(95)": 0.06474554999999997,
            "p(99)": 0.4071346199999997,
            "max": 16.210199,
            "avg": 0.04447157546082955
        },
        "http_req_blocked": {
            "med": 0.0038525,
            "p(90)": 0.006351000000000001,
            "p(95)": 0.008474999999999996,
            "p(99)": 0.16493224999999972,
            "max": 22.472303,
            "avg": 0.10157357776497686,
            "min": 0.000821
        },
        "http_req_waiting": {
            "p(99)": 261.11424615,
            "max": 453.933665,
            "avg": 54.08959442338711,
            "min": 2.913269,
            "med": 44.397819,
            "p(90)": 100.7582081,
            "p(95)": 134.00214374999996
        },
        "http_req_receiving": {
            "avg": 0.2396359118663588,
            "min": 0.013826,
            "med": 0.0846115,
            "p(90)": 0.3429879,
            "p(95)": 0.7423411499999986,
            "p(99)": 3.1828146999999984,
            "max": 17.219176
        },
        "data_sent": {
            "count": 427056,
            "rate": 42180.52675137931
        },
        "http_req_tls_handshaking": {
            "max": 0,
            "avg": 0,
            "min": 0,
            "med": 0,
            "p(90)": 0,
            "p(95)": 0,
            "p(99)": 0
        },
        "http_req_duration{expected_response:true}": {
            "med": 44.568408000000005,
            "p(90)": 101.34459040000003,
            "p(95)": 134.3865705999999,
            "p(99)": 261.33822395999994,
            "max": 454.068642,
            "avg": 54.373701910714296,
            "min": 3.033258
        },
        "iterations": {
            "count": 3472,
            "rate": 342.93111179983174
        },
        "http_req_failed": {
            "passes": 0,
            "fails": 3472,
            "thresholds": {
                "rate<0.01": false
            },
            "value": 0
        }
    }
}