{
    "root_group": {
        "name": "",
        "path": "",
        "id": "d41d8cd98f00b204e9800998ecf8427e",
        "groups": {},
        "checks": {
                "status is 200": {
                    "name": "status is 200",
                    "path": "::status is 200",
                    "id": "6210a8cd14cd70477eba5c5e4cb3fb5f",
                    "passes": 138056,
                    "fails": 408
                },
                "has results array": {
                    "id": "6db6bda1862512d2a0864d26094ebb96",
                    "passes": 138056,
                    "fails": 408,
                    "name": "has results array",
                    "path": "::has results array"
                }
            }
    },
    "metrics": {
        "http_req_blocked": {
            "p(90)": 0.004299,
            "p(95)": 0.00552,
            "p(99)": 0.06766980999999994,
            "max": 277.011364,
            "avg": 0.3993174472209452,
            "min": 0,
            "med": 0.002545
        },
        "vus_max": {
            "value": 500,
            "min": 500,
            "max": 500
        },
        "http_req_sending": {
            "max": 76.593791,
            "avg": 0.04480964777126215,
            "min": 0,
            "med": 0.008076,
            "p(90)": 0.0195177,
            "p(95)": 0.06130565000000005,
            "p(99)": 0.30391281999999636
        },
        "http_req_duration{expected_response:true}": {
            "p(90)": 122.43947750000001,
            "p(95)": 135.75288475,
            "p(99)": 170.46408345,
            "max": 4362.342947,
            "avg": 107.67356789775137,
            "min": 1.483927,
            "med": 93.72618800000001
        },
        "iteration_duration": {
            "avg": 108.33507657530443,
            "min": 1.765617,
            "med": 94.05586,
            "p(90)": 122.9170683,
            "p(95)": 136.42385815000003,
            "p(99)": 171.41364796999994,
            "max": 4618.989416
        },
        "http_req_duration": {
            "avg": 107.35629542474551,
            "min": 0,
            "med": 93.66661199999999,
            "p(90)": 122.3740057,
            "p(95)": 135.67704615000002,
            "p(99)": 170.43766444999997,
            "max": 4362.342947,
            "thresholds": {
                "p(50)<100": false,
                "p(95)<150": false
            }
        },
        "http_req_failed": {
            "passes": 408,
            "fails": 138056,
            "thresholds": {
                "rate<0.01": false
            },
            "value": 0.002946614282412757
        },
        "http_reqs": {
            "count": 138464,
            "rate": 4603.014707582553
        },
        "http_req_receiving": {
            "p(95)": 4.688508350000005,
            "p(99)": 13.01978884,
            "max": 85.328058,
            "avg": 0.7065457162944973,
            "min": 0,
            "med": 0.030839,
            "p(90)": 1.2103787999999989
        },
        "http_req_waiting": {
            "p(99)": 167.08784298999984,
            "max": 4362.116989,
            "avg": 106.6049400606805,
            "min": 0,
            "med": 93.1160675,
            "p(90)": 121.2579843,
            "p(95)": 134.5606183
        },
        "iterations": {
            "count": 138464,
            "rate": 4603.014707582553
        },
        "data_sent": {
            "count": 16980888,
            "rate": 564502.5220404732
        },
        "vus": {
            "max": 500,
            "value": 500,
            "min": 500
        },
        "checks": {
            "passes": 276112,
            "fails": 816,
            "value": 0.9970533857175873
        },
        "http_req_tls_handshaking": {
            "min": 0,
            "med": 0,
            "p(90)": 0,
            "p(95)": 0,
            "p(99)": 0,
            "max": 0,
            "avg": 0
        },
        "http_req_connecting": {
            "avg": 0.2027750562095563,
            "min": 0,
            "med": 0,
            "p(90)": 0,
            "p(95)": 0,
            "p(99)": 0,
            "max": 135.464556
        },
        "data_received": {
            "count": 314611585,
            "rate": 10458760.059877357
        }
    }
}