{
    "metrics": {
        "http_req_tls_handshaking": {
            "p(95)": 0,
            "p(99)": 0,
            "max": 0,
            "avg": 0,
            "min": 0,
            "med": 0,
            "p(90)": 0
        },
        "data_sent": {
            "count": 388311,
            "rate": 38816.768542401674
        },
        "data_received": {
            "rate": 713821.4514809238,
            "count": 7140850
        },
        "http_reqs": {
            "count": 10339,
            "rate": 1033.5184168357086
        },
        "iteration_duration": {
            "min": 3.367029,
            "med": 13.774921,
            "p(90)": 29.226618200000004,
            "p(95)": 31.7820773,
            "p(99)": 36.96108334000001,
            "max": 57.13877,
            "avg": 15.463181071960609
        },
        "http_req_blocked": {
            "avg": 0.002866984137730921,
            "min": 0,
            "med": 0,
            "p(90)": 0.003497,
            "p(95)": 0.004198,
            "p(99)": 0.006458200000000008,
            "max": 9.654727
        },
        "http_req_waiting": {
            "med": 0,
            "p(90)": 6.182279000000003,
            "p(95)": 7.770029800000005,
            "p(99)": 11.379782340000007,
            "max": 24.260417,
            "avg": 1.8076377184447223,
            "min": 0
        },
        "vus": {
            "value": 16,
            "min": 16,
            "max": 16
        },
        "http_req_duration": {
            "p(95)": 7.906044100000001,
            "p(99)": 11.614280660000022,
            "max": 24.426181,
            "avg": 1.847106975626271,
            "min": 0,
            "med": 0,
            "p(90)": 6.325858200000001,
            "thresholds": {
                "p(50)<100": false,
                "p(95)<250": false
            }
        },
        "http_req_failed": {
            "passes": 7182,
            "fails": 3157,
            "thresholds": {
                "rate<0.01": true
            },
            "value": 0.6946513202437373
        },
        "http_req_connecting": {
            "med": 0,
            "p(90)": 0,
            "p(95)": 0,
            "p(99)": 0,
            "max": 5.508323,
            "avg": 0.0008748554018763904,
            "min": 0
        },
        "http_req_sending": {
            "p(99)": 0.049849400000000134,
            "max": 2.086901,
            "avg": 0.006204971563981043,
            "min": 0,
            "med": 0,
            "p(90)": 0.015118,
            "p(95)": 0.024273100000000027
        },
        "http_req_duration{expected_response:true}": {
            "avg": 6.049172955654107,
            "min": 3.232895,
            "med": 5.412939,
            "p(90)": 8.9828002,
            "p(95)": 10.549800999999995,
            "p(99)": 14.04955356,
            "max": 24.426181
        },
        "checks": {
            "passes": 6314,
            "fails": 14364,
            "value": 0.3053486797562627
        },
        "http_req_receiving": {
            "avg": 0.03326428561756459,
            "min": 0,
            "med": 0,
            "p(90)": 0.09268820000000001,
            "p(95)": 0.126733,
            "p(99)": 0.3257503200000005,
            "max": 4.071562
        },
        "iterations": {
            "count": 10339,
            "rate": 1033.5184168357086
        },
        "vus_max": {
            "value": 16,
            "min": 16,
            "max": 16
        }
    },
    "root_group": {
        "name": "",
        "path": "",
        "id": "d41d8cd98f00b204e9800998ecf8427e",
        "groups": {},
        "checks": {
                "status is 200": {
                    "fails": 7182,
                    "name": "status is 200",
                    "path": "::status is 200",
                    "id": "6210a8cd14cd70477eba5c5e4cb3fb5f",
                    "passes": 3157
                },
                "has results array": {
                    "passes": 3157,
                    "fails": 7182,
                    "name": "has results array",
                    "path": "::has results array",
                    "id": "6db6bda1862512d2a0864d26094ebb96"
                }
            }
    }
}