{
    "root_group": {
        "name": "",
        "path": "",
        "id": "d41d8cd98f00b204e9800998ecf8427e",
        "groups": {},
        "checks": {
                "status is 200": {
                    "name": "status is 200",
                    "path": "::status is 200",
                    "id": "6210a8cd14cd70477eba5c5e4cb3fb5f",
                    "passes": 153910,
                    "fails": 0
                },
                "has results array": {
                    "fails": 0,
                    "name": "has results array",
                    "path": "::has results array",
                    "id": "6db6bda1862512d2a0864d26094ebb96",
                    "passes": 153910
                }
            }
    },
    "metrics": {
        "http_req_failed": {
            "passes": 0,
            "fails": 153910,
            "thresholds": {
                "rate<0.01": false
            },
            "value": 0
        },
        "http_req_sending": {
            "med": 0.007594,
            "p(90)": 0.020403600000000036,
            "p(95)": 0.060901499999999886,
            "p(99)": 0.8314838000000142,
            "max": 26.627163,
            "avg": 0.06158580920017991,
            "min": 0.002665
        },
        "data_sent": {
            "count": 18930930,
            "rate": 630570.6732773387
        },
        "data_received": {
            "count": 350453070,
            "rate": 11673247.341890246
        },
        "iteration_duration": {
            "med": 18.496298,
            "p(90)": 27.413795699999998,
            "p(95)": 31.2510052,
            "p(99)": 40.559929010000005,
            "max": 82.40542,
            "avg": 19.479438179845413,
            "min": 1.524444
        },
        "vus": {
            "value": 100,
            "min": 100,
            "max": 100
        },
        "vus_max": {
            "value": 100,
            "min": 100,
            "max": 100
        },
        "http_req_tls_handshaking": {
            "p(90)": 0,
            "p(95)": 0,
            "p(99)": 0,
            "max": 0,
            "avg": 0,
            "min": 0,
            "med": 0
        },
        "checks": {
            "passes": 307820,
            "fails": 0,
            "value": 1
        },
        "http_req_duration{expected_response:true}": {
            "avg": 19.033168379052892,
            "min": 1.333082,
            "med": 18.1144325,
            "p(90)": 26.878831599999998,
            "p(95)": 30.59922045,
            "p(99)": 39.54679108000001,
            "max": 76.467469
        },
        "http_reqs": {
            "count": 153910,
            "rate": 5126.59083965316
        },
        "http_req_blocked": {
            "p(90)": 0.003758,
            "p(95)": 0.004739,
            "p(99)": 0.0403413000000001,
            "max": 43.867939,
            "avg": 0.025622641101941557,
            "min": 0.000642,
            "med": 0.002345
        },
        "http_req_receiving": {
            "p(99)": 9.783364760000007,
            "max": 34.306791,
            "avg": 0.4907774901046069,
            "min": 0.009167,
            "med": 0.028375,
            "p(90)": 0.7423720000000007,
            "p(95)": 3.0013272499999952
        },
        "http_req_connecting": {
            "avg": 0.01392676884542915,
            "min": 0,
            "med": 0,
            "p(90)": 0,
            "p(95)": 0,
            "p(99)": 0,
            "max": 41.549161
        },
        "iterations": {
            "count": 153910,
            "rate": 5126.59083965316
        },
        "http_req_waiting": {
            "min": 1.301414,
            "med": 17.725362,
            "p(90)": 25.870792000000005,
            "p(95)": 29.259220049999996,
            "p(99)": 37.38239136,
            "max": 67.013644,
            "avg": 18.4808050797474
        },
        "http_req_duration": {
            "avg": 19.033168379052892,
            "min": 1.333082,
            "med": 18.1144325,
            "p(90)": 26.878831599999998,
            "p(95)": 30.59922045,
            "p(99)": 39.54679108000001,
            "max": 76.467469,
            "thresholds": {
                "p(50)<100": false,
                "p(95)<250": false
            }
        }
    }
}