{
    "root_group": {
        "name": "",
        "path": "",
        "id": "d41d8cd98f00b204e9800998ecf8427e",
        "groups": {},
        "checks": {
                "status is 200": {
                    "name": "status is 200",
                    "path": "::status is 200",
                    "id": "6210a8cd14cd70477eba5c5e4cb3fb5f",
                    "passes": 2799,
                    "fails": 0
                },
                "has results array": {
                    "id": "6db6bda1862512d2a0864d26094ebb96",
                    "passes": 2799,
                    "fails": 0,
                    "name": "has results array",
                    "path": "::has results array"
                }
            }
    },
    "metrics": {
        "iterations": {
            "count": 2799,
            "rate": 266.3456412580675
        },
        "http_req_duration{expected_response:true}": {
            "p(99)": 951.9977497399997,
            "max": 2078.040441,
            "avg": 72.13164455305451,
            "min": 2.889138,
            "med": 31.396854,
            "p(90)": 86.34821520000008,
            "p(95)": 223.59804139999972
        },
        "http_req_sending": {
            "med": 0.012814,
            "p(90)": 0.03384300000000004,
            "p(95)": 0.04839499999999997,
            "p(99)": 0.16361907999999994,
            "max": 4.399433,
            "avg": 0.02381564844587353,
            "min": 0.004328
        },
        "iteration_duration": {
            "p(90)": 91.73469060000001,
            "p(95)": 223.9146517999997,
            "p(99)": 952.1446489799996,
            "max": 2078.37984,
            "avg": 72.66468331153972,
            "min": 3.009619,
            "med": 31.940886
        },
        "vus": {
            "value": 20,
            "min": 20,
            "max": 20
        },
        "http_req_failed": {
            "passes": 0,
            "fails": 2799,
            "thresholds": {
                "rate<0.01": false
            },
            "value": 0
        },
        "http_req_duration": {
            "p(95)": 223.59804139999972,
            "p(99)": 951.9977497399997,
            "max": 2078.040441,
            "avg": 72.13164455305451,
            "min": 2.889138,
            "med": 31.396854,
            "p(90)": 86.34821520000008,
            "thresholds": {
                "p(95)<250": false,
                "p(50)<100": false
            }
        },
        "http_req_connecting": {
            "p(90)": 0,
            "p(95)": 0,
            "p(99)": 0,
            "max": 31.249017,
            "avg": 0.1332060878885316,
            "min": 0,
            "med": 0
        },
        "http_req_blocked": {
            "max": 32.704033,
            "avg": 0.14736304430153643,
            "min": 0.001092,
            "med": 0.003697,
            "p(90)": 0.005691,
            "p(95)": 0.007014,
            "p(99)": 0.0645250999999999
        },
        "data_sent": {
            "count": 344277,
            "rate": 32760.5138747423
        },
        "http_req_tls_handshaking": {
            "med": 0,
            "p(90)": 0,
            "p(95)": 0,
            "p(99)": 0,
            "max": 0,
            "avg": 0,
            "min": 0
        },
        "http_req_receiving": {
            "avg": 0.1809668331546979,
            "min": 0.01573,
            "med": 0.085844,
            "p(90)": 0.24475200000000055,
            "p(95)": 0.4421725999999997,
            "p(99)": 2.320453239999999,
            "max": 17.663468
        },
        "http_reqs": {
            "count": 2799,
            "rate": 266.3456412580675
        },
        "http_req_waiting": {
            "p(90)": 86.03072520000005,
            "p(95)": 223.47763679999971,
            "p(99)": 951.9655722399997,
            "max": 2077.85155,
            "avg": 71.92686207145391,
            "min": 2.830926,
            "med": 31.216031
        },
        "checks": {
            "passes": 5598,
            "fails": 0,
            "value": 1
        },
        "data_received": {
            "count": 6330691,
            "rate": 602412.2736697665
        },
        "vus_max": {
            "max": 20,
            "value": 20,
            "min": 20
        }
    }
}