{
    "metrics": {
        "iteration_duration": {
            "p(90)": 135.6613684,
            "p(95)": 147.87475460000002,
            "p(99)": 190.34346779999996,
            "max": 334.939934,
            "avg": 106.64625731686145,
            "min": 18.821081,
            "med": 102.066907
        },
        "data_sent": {
            "count": 17292447,
            "rate": 574570.0114266003
        },
        "vus_max": {
            "max": 500,
            "value": 500,
            "min": 500
        },
        "http_req_failed": {
            "fails": 140589,
            "passes": 0,
            "thresholds": {
                "rate<0.01": false
            },
            "value": 0
        },
        "http_req_duration{expected_response:true}": {
            "min": 18.691782,
            "med": 101.616624,
            "p(90)": 135.0291912,
            "p(95)": 146.9505604,
            "p(99)": 187.10078715999992,
            "max": 235.645298,
            "avg": 105.99398989583973
        },
        "http_reqs": {
            "rate": 4671.300905907319,
            "count": 140589
        },
        "http_req_waiting": {
            "med": 100.946801,
            "p(90)": 133.2477194,
            "p(95)": 144.92073700000003,
            "p(99)": 180.38738092,
            "max": 229.300792,
            "avg": 105.03101305517016,
            "min": 16.731648
        },
        "data_received": {
            "count": 320402331,
            "rate": 10645894.764562782
        },
        "checks": {
            "passes": 281178,
            "fails": 0,
            "value": 1
        },
        "iterations": {
            "count": 140589,
            "rate": 4671.300905907319
        },
        "http_req_receiving": {
            "avg": 0.9229177528683082,
            "min": 0.009368,
            "med": 0.032122,
            "p(90)": 1.9220847999999997,
            "p(95)": 6.365427200000013,
            "p(99)": 17.319323079999993,
            "max": 43.657502
        },
        "http_req_connecting": {
            "med": 0,
            "p(90)": 0,
            "p(95)": 0,
            "p(99)": 0,
            "max": 160.961512,
            "avg": 0.20831537456700042,
            "min": 0
        },
        "http_req_duration": {
            "avg": 105.99398989583973,
            "min": 18.691782,
            "med": 101.616624,
            "p(90)": 135.0291912,
            "p(95)": 146.9505604,
            "p(99)": 187.10078715999992,
            "max": 235.645298,
            "thresholds": {
                "p(50)<100": true,
                "p(95)<300": false
            }
        },
        "http_req_blocked": {
            "p(99)": 0.061598599999999976,
            "max": 170.473164,
            "avg": 0.2756697145011383,
            "min": 0.000611,
            "med": 0.002445,
            "p(90)": 0.004219,
            "p(95)": 0.005421
        },
        "http_req_tls_handshaking": {
            "p(99)": 0,
            "max": 0,
            "avg": 0,
            "min": 0,
            "med": 0,
            "p(90)": 0,
            "p(95)": 0
        },
        "http_req_sending": {
            "p(99)": 0.3127879199999994,
            "max": 27.128382,
            "avg": 0.0400590878020337,
            "min": 0.002915,
            "med": 0.007986,
            "p(90)": 0.018285199999999998,
            "p(95)": 0.05877540000000011
        },
        "vus": {
            "value": 500,
            "min": 500,
            "max": 500
        }
    },
    "root_group": {
        "checks": {
            "status is 200": {
                "path": "::status is 200",
                "id": "6210a8cd14cd70477eba5c5e4cb3fb5f",
                "passes": 140589,
                "fails": 0,
                "name": "status is 200"
            },
            "has results array": {
                "name": "has results array",
                "path": "::has results array",
                "id": "6db6bda1862512d2a0864d26094ebb96",
                "passes": 140589,
                "fails": 0
            }
        },
        "name": "",
        "path": "",
        "id": "d41d8cd98f00b204e9800998ecf8427e",
        "groups": {}
    }
}