{
    "metrics": {
        "data_sent": {
            "rate": 34870.4039664716,
            "count": 364080
        },
        "vus": {
            "value": 30,
            "min": 30,
            "max": 30
        },
        "http_req_duration{expected_response:true}": {
            "med": 30.232712999999997,
            "p(90)": 68.26436489999999,
            "p(95)": 116.72366584999963,
            "p(99)": 1912.6097652699993,
            "max": 5575.55691,
            "avg": 87.61584305405415,
            "min": 3.767603
        },
        "iteration_duration": {
            "avg": 85.53311641125656,
            "min": 3.957585,
            "med": 32.757481,
            "p(90)": 79.75083740000002,
            "p(95)": 145.27480159999996,
            "p(99)": 1614.9119745199982,
            "max": 5575.763792
        },
        "iterations": {
            "rate": 343.7428033280229,
            "count": 3589
        },
        "http_req_duration": {
            "p(90)": 59.83749840000001,
            "p(95)": 98.15484599999996,
            "p(99)": 1594.3781663999957,
            "max": 5575.55691,
            "avg": 72.26048911674569,
            "min": 0,
            "med": 26.368172,
            "thresholds": {
                "p(50)<100": false,
                "p(95)<250": false
            }
        },
        "http_req_waiting": {
            "p(95)": 98.03675639999997,
            "p(99)": 1590.8722532399954,
            "max": 5575.522294,
            "avg": 72.11023071189744,
            "min": 0,
            "med": 26.231848,
            "p(90)": 59.724673
        },
        "http_req_tls_handshaking": {
            "p(95)": 0,
            "p(99)": 0,
            "max": 0,
            "avg": 0,
            "min": 0,
            "med": 0,
            "p(90)": 0
        },
        "http_req_failed": {
            "passes": 629,
            "fails": 2960,
            "thresholds": {
                "rate<0.01": true
            },
            "value": 0.17525773195876287
        },
        "http_req_blocked": {
            "p(95)": 0.0069349999999999985,
            "p(99)": 0.32333175999999947,
            "max": 44.297178,
            "avg": 0.16368613680691033,
            "min": 0,
            "med": 0.003566,
            "p(90)": 0.005553000000000003
        },
        "http_req_sending": {
            "avg": 0.019403410699359174,
            "min": 0,
            "med": 0.012464,
            "p(90)": 0.03262000000000001,
            "p(95)": 0.04236259999999998,
            "p(99)": 0.12925383999999981,
            "max": 4.193189
        },
        "http_req_receiving": {
            "min": 0,
            "med": 0.082487,
            "p(90)": 0.1909198000000001,
            "p(95)": 0.3436633999999998,
            "p(99)": 1.4587945199999994,
            "max": 7.252343,
            "avg": 0.13085499414878798
        },
        "http_req_connecting": {
            "p(95)": 0,
            "p(99)": 0,
            "max": 44.155688,
            "avg": 0.15490372805795485,
            "min": 0,
            "med": 0,
            "p(90)": 0
        },
        "vus_max": {
            "value": 30,
            "min": 30,
            "max": 30
        },
        "http_reqs": {
            "count": 3589,
            "rate": 343.7428033280229
        },
        "checks": {
            "passes": 5920,
            "fails": 1258,
            "value": 0.8247422680412371
        },
        "data_received": {
            "count": 6698185,
            "rate": 641530.4789940688
        }
    },
    "root_group": {
        "name": "",
        "path": "",
        "id": "d41d8cd98f00b204e9800998ecf8427e",
        "groups": {},
        "checks": {
                "status is 200": {
                    "passes": 2960,
                    "fails": 629,
                    "name": "status is 200",
                    "path": "::status is 200",
                    "id": "6210a8cd14cd70477eba5c5e4cb3fb5f"
                },
                "has results array": {
                    "fails": 629,
                    "name": "has results array",
                    "path": "::has results array",
                    "id": "6db6bda1862512d2a0864d26094ebb96",
                    "passes": 2960
                }
            }
    }
}