{
    "root_group": {
        "id": "d41d8cd98f00b204e9800998ecf8427e",
        "groups": {},
        "checks": {
                "status is 200": {
                    "name": "status is 200",
                    "path": "::status is 200",
                    "id": "6210a8cd14cd70477eba5c5e4cb3fb5f",
                    "passes": 4449,
                    "fails": 0
                },
                "has results array": {
                    "name": "has results array",
                    "path": "::has results array",
                    "id": "6db6bda1862512d2a0864d26094ebb96",
                    "passes": 4449,
                    "fails": 0
                }
            },
        "name": "",
        "path": ""
    },
    "metrics": {
        "http_req_duration": {
            "avg": 10.855722625309046,
            "min": 3.449721,
            "med": 9.900765,
            "p(90)": 16.782136200000004,
            "p(95)": 19.500832999999993,
            "p(99)": 24.82739735999999,
            "max": 57.716005,
            "thresholds": {
                "p(50)<100": false,
                "p(95)<250": false
            }
        },
        "iterations": {
            "count": 4449,
            "rate": 444.49283402954876
        },
        "http_req_failed": {
            "passes": 0,
            "fails": 4449,
            "thresholds": {
                "rate<0.01": false
            },
            "value": 0
        },
        "http_req_sending": {
            "max": 2.572286,
            "avg": 0.021734872330860917,
            "min": 0.004068,
            "med": 0.013405,
            "p(90)": 0.035120000000000005,
            "p(95)": 0.05049499999999994,
            "p(99)": 0.16675223999999947
        },
        "data_received": {
            "count": 10064593,
            "rate": 1005538.2031746367
        },
        "vus": {
            "value": 5,
            "min": 5,
            "max": 5
        },
        "http_req_receiving": {
            "avg": 0.148998020903574,
            "min": 0.015129,
            "med": 0.087375,
            "p(90)": 0.2774262,
            "p(95)": 0.4609545999999971,
            "p(99)": 1.3010481199999908,
            "max": 4.401086
        },
        "vus_max": {
            "max": 5,
            "value": 5,
            "min": 5
        },
        "http_req_blocked": {
            "min": 0.000972,
            "med": 0.003867,
            "p(90)": 0.005924000000000003,
            "p(95)": 0.007254,
            "p(99)": 0.04512271999999983,
            "max": 10.092041,
            "avg": 0.015483452910766495
        },
        "http_reqs": {
            "count": 4449,
            "rate": 444.49283402954876
        },
        "http_req_connecting": {
            "p(99)": 0,
            "max": 3.460687,
            "avg": 0.0029179327938862664,
            "min": 0,
            "med": 0,
            "p(90)": 0,
            "p(95)": 0
        },
        "http_req_tls_handshaking": {
            "avg": 0,
            "min": 0,
            "med": 0,
            "p(90)": 0,
            "p(95)": 0,
            "p(99)": 0,
            "max": 0
        },
        "http_req_waiting": {
            "med": 9.705165,
            "p(90)": 16.59257480000001,
            "p(95)": 19.3404086,
            "p(99)": 24.715122959999967,
            "max": 57.575099,
            "avg": 10.684989732074607,
            "min": 3.279298
        },
        "http_req_duration{expected_response:true}": {
            "med": 9.900765,
            "p(90)": 16.782136200000004,
            "p(95)": 19.500832999999993,
            "p(99)": 24.82739735999999,
            "max": 57.716005,
            "avg": 10.855722625309046,
            "min": 3.449721
        },
        "checks": {
            "passes": 8898,
            "fails": 0,
            "value": 1
        },
        "data_sent": {
            "rate": 54672.618585634504,
            "count": 547227
        },
        "iteration_duration": {
            "med": 10.24719,
            "p(90)": 17.269787,
            "p(95)": 19.880097999999986,
            "p(99)": 25.23886131999994,
            "max": 67.7913,
            "avg": 11.222922919982034,
            "min": 3.908334
        }
    }
}