{
    "metrics": {
        "http_reqs": {
            "count": 9822,
            "rate": 322.310045341258
        },
        "http_req_sending": {
            "avg": 0.040465369578497216,
            "min": 0.003997,
            "med": 0.013325,
            "p(90)": 0.03694,
            "p(95)": 0.06378794999999994,
            "p(99)": 0.3915064499999977,
            "max": 14.323102
        },
        "http_req_tls_handshaking": {
            "avg": 0,
            "min": 0,
            "med": 0,
            "p(90)": 0,
            "p(95)": 0,
            "p(99)": 0,
            "max": 0
        },
        "http_req_duration{expected_response:true}": {
            "p(99)": 203.03312325999903,
            "max": 3085.207514,
            "avg": 60.908096171756995,
            "min": 3.470793,
            "med": 51.9505475,
            "p(90)": 100.48486229999999,
            "p(95)": 120.68901094999997
        },
        "http_req_blocked": {
            "p(95)": 0.008446,
            "p(99)": 0.07730609999999982,
            "max": 10.687018,
            "avg": 0.027172824577478973,
            "min": 0.000982,
            "med": 0.003917,
            "p(90)": 0.006460999999999996
        },
        "iteration_duration": {
            "avg": 61.53440052372233,
            "min": 3.682683,
            "med": 52.613451999999995,
            "p(90)": 101.0215262,
            "p(95)": 121.63748399999966,
            "p(99)": 209.88970561999966,
            "max": 3085.588175
        },
        "http_req_waiting": {
            "avg": 60.58191491590307,
            "min": 3.359102,
            "med": 51.5688265,
            "p(90)": 100.0369692,
            "p(95)": 119.85124139999995,
            "p(99)": 202.87658179999917,
            "max": 3085.081316
        },
        "vus": {
            "value": 20,
            "min": 20,
            "max": 20
        },
        "http_req_connecting": {
            "min": 0,
            "med": 0,
            "p(90)": 0,
            "p(95)": 0,
            "p(99)": 0,
            "max": 8.352424,
            "avg": 0.011954992873141924
        },
        "http_req_receiving": {
            "max": 23.500823,
            "avg": 0.2857158862757071,
            "min": 0.013686,
            "med": 0.084921,
            "p(90)": 0.42326929999999985,
            "p(95)": 1.0235883999999993,
            "p(99)": 4.456438599999947
        },
        "data_received": {
            "count": 22225774,
            "rate": 729341.2976669266
        },
        "http_req_duration": {
            "avg": 60.908096171756995,
            "min": 3.470793,
            "med": 51.9505475,
            "p(90)": 100.48486229999999,
            "p(95)": 120.68901094999997,
            "p(99)": 203.03312325999903,
            "max": 3085.207514,
            "thresholds": {
                "p(50)<100": false,
                "p(95)<250": false
            }
        },
        "checks": {
            "passes": 19644,
            "fails": 0,
            "value": 1
        },
        "http_req_failed": {
            "passes": 0,
            "fails": 9822,
            "thresholds": {
                "rate<0.01": false
            },
            "value": 0
        },
        "iterations": {
            "count": 9822,
            "rate": 322.310045341258
        },
        "data_sent": {
            "rate": 39644.13557697473,
            "count": 1208106
        },
        "vus_max": {
            "value": 20,
            "min": 20,
            "max": 20
        }
    },
    "root_group": {
        "name": "",
        "path": "",
        "id": "d41d8cd98f00b204e9800998ecf8427e",
        "groups": {},
        "checks": {
                "status is 200": {
                    "passes": 9822,
                    "fails": 0,
                    "name": "status is 200",
                    "path": "::status is 200",
                    "id": "6210a8cd14cd70477eba5c5e4cb3fb5f"
                },
                "has results array": {
                    "fails": 0,
                    "name": "has results array",
                    "path": "::has results array",
                    "id": "6db6bda1862512d2a0864d26094ebb96",
                    "passes": 9822
                }
            }
    }
}